sushant,sushantrayana@gmail.com
Ramveer,ramveer2773@gmail.com
Poonam,poonamrayana@gmail.com
Abhimanyu,abhimanyurayana@gmail.com
Gulab Kaur,gulabkaur@gmail.com
Rameshwar Prasad,Rameshwarprasad@gmail.com
abhimanyu,abhimanyusingh@gmail.com
Anita,Anitarayana@gmail.com
Bhanu ,BhanuPratapsingh@gmail.com
Rajendra Khatana,RajendraKhatana@gmail.com
Lokesh,LokeshDolphin@gmail.com
Aaryan,Aaryan@gmail.com
Lalit,LalitGurjar@gmail.com
Yogendra,Yogendra@gmail.com
Aditya,Aditya@gmail.com
Parth,Parth@yahoo.co.in
Maya Devi,MayaDevi@yahoo.co.in
Gordhan,GordhanGurjar@yahoo.co.in
Krishna,Krishna@gmail.com
Renu,Renu@yahoo.co.in
Bhavika singh,Bhavika@yahoo.co.in
Dhanshi Singh,Dhanshi@gmail.com
Harjot singh,Harjot@yahoo.co.in
samar,samar@yahoo.co.us
